<beans xmlns="http://www.springframework.org/schema/beans"
	xmlns:mvc="http://www.springframework.org/schema/mvc" xmlns:p="http://www.springframework.org/schema/p"
	xmlns:context="http://www.springframework.org/schema/context"
	xmlns:xsi="http://www.w3.org/2001/XMLSchema-instance"
	xsi:schemaLocation="
        http://www.springframework.org/schema/beans     
        http://www.springframework.org/schema/beans/spring-beans-3.2.xsd
        http://www.springframework.org/schema/mvc 
        http://www.springframework.org/schema/mvc/spring-mvc-3.2.xsd
        http://www.springframework.org/schema/context 
        http://www.springframework.org/schema/context/spring-context-3.2.xsd">
	
	<mvc:annotation-driven></mvc:annotation-driven>
	<context:component-scan base-package="com.test"></context:component-scan>

	<bean
		class="org.springframework.beans.factory.config.PropertyPlaceholderConfigurer">
		<property name="location">
			<value>classpath:application.properties</value>
		</property>
	</bean>
	<mvc:resources mapping="/js/**" location="/js/" />
	<mvc:resources mapping="/css/**" location="/css/" />
	<mvc:resources mapping="/images/**" location="/images/" />
	<import resource="spring-social.xml" />

</beans>